subreddit_id,topic,avg_score,mentions
2qqcs,Workload & Operations,3.082,9143
2qqcs,Team & Colleagues,3.124,4738
2qqcs,Career Growth & Development,3.319,1144
2qqcs,Work Culture & Environment,2.991,973
2qqcs,Compensation & Benefits,2.798,615
2qqcs,Hiring & Onboarding,2.726,678
2qqcs,Management & Leadership,2.877,1631
2qqcs,Job Security & Stability,2.463,190
2qibb,Hiring & Onboarding,3.352,1985
2qibb,Career Growth & Development,3.517,894
2qibb,Workload & Operations,3.098,1000
2qibb,Management & Leadership,3.088,1020
2qibb,Team & Colleagues,3.185,1295
2qibb,Compensation & Benefits,3.042,826
2qibb,Work Culture & Environment,3.248,532
2qibb,Job Security & Stability,2.557,176
34zqz,Career Growth & Development,3.313,466
34zqz,Workload & Operations,3.428,808
34zqz,Hiring & Onboarding,3.252,469
34zqz,Team & Colleagues,3.327,462
34zqz,Compensation & Benefits,3.009,111
34zqz,Work Culture & Environment,3.394,208
34zqz,Job Security & Stability,2.913,127
34zqz,Management & Leadership,3.533,199
2tj75,Compensation & Benefits,2.902,687
2tj75,Career Growth & Development,3.205,459
2tj75,Workload & Operations,3.106,1272
2tj75,Team & Colleagues,3.154,389
2tj75,Hiring & Onboarding,3.010,406
2tj75,Management & Leadership,3.038,209
2tj75,Job Security & Stability,2.860,86
2tj75,Work Culture & Environment,3.462,277
2u7lz,Work Culture & Environment,3.191,656
2u7lz,Workload & Operations,2.811,1520
2u7lz,Career Growth & Development,3.059,474
2u7lz,Team & Colleagues,3.119,779
2u7lz,Compensation & Benefits,2.846,689
2u7lz,Management & Leadership,2.839,361
2u7lz,Hiring & Onboarding,2.778,623
2u7lz,Job Security & Stability,2.509,171
2xc7p,Work Culture & Environment,3.669,160
2xc7p,Career Growth & Development,3.839,336
2xc7p,Management & Leadership,3.697,76
2xc7p,Workload & Operations,3.537,395
2xc7p,Hiring & Onboarding,3.157,376
2xc7p,Team & Colleagues,3.633,196
2xc7p,Job Security & Stability,3.300,60
2xc7p,Compensation & Benefits,2.983,120
2ra72,Hiring & Onboarding,2.880,1134
2ra72,Compensation & Benefits,2.878,863
2ra72,Team & Colleagues,3.145,2978
2ra72,Work Culture & Environment,3.044,730
2ra72,Workload & Operations,2.939,3095
2ra72,Management & Leadership,2.687,684
2ra72,Career Growth & Development,3.081,640
2ra72,Job Security & Stability,2.627,212
2xct1,Career Growth & Development,3.862,458
2xct1,Hiring & Onboarding,3.448,317
2xct1,Workload & Operations,3.671,659
2xct1,Work Culture & Environment,3.568,139
2xct1,Team & Colleagues,3.522,270
2xct1,Compensation & Benefits,3.277,112
2xct1,Job Security & Stability,3.179,67
2xct1,Management & Leadership,3.727,128
2qhxd,Job Security & Stability,2.891,64
2qhxd,Work Culture & Environment,3.220,191
2qhxd,Career Growth & Development,3.141,256
2qhxd,Compensation & Benefits,2.832,155
2qhxd,Hiring & Onboarding,2.955,222
2qhxd,Workload & Operations,2.992,355
2qhxd,Team & Colleagues,3.122,270
2qhxd,Management & Leadership,2.500,62
