subreddit_id,topic,type,score,snippet
2qqcs,Workload & Operations,lowest,1,"She said when another student offered to help the struggling student, I told the helpful kid “good luck.”"
2qqcs,Workload & Operations,highest,5,"As I leave the classroom after ten years and move into a university research role I have had a lot of these conversations with peers as I’ve completed my dissertation and it’s really illuminated the fact that once people get comfortable in this profession, they will 1) complain ad nauseam, albeit about very real and very understandable things but 2) refuse to even imagine changing a single thing about the way they do things professionally unless they’re mandated to."
2qqcs,Team & Colleagues,lowest,1,"A contentious phone call with an angry parent and it turns out hey, wrong teacher."
2qqcs,Team & Colleagues,highest,5,"PE teacher

Hi!"
2qqcs,Career Growth & Development,lowest,1,* Another post where a teacher highlighted those who got 100s on their tests on a bulletin board.
2qqcs,Career Growth & Development,highest,5,"Hello fellow teachers,
I teach 6th grade at an inner city middle school and the next unit is growth of an organism."
2qqcs,Work Culture & Environment,lowest,1,"Believing the problem might be bullying, I gave her my phone number and told her to call me on Monday at lunch time."
2qqcs,Work Culture & Environment,highest,5,"They’ve been together four years, and he feels safe with them."
2qqcs,Compensation & Benefits,lowest,1,"Starting salary in a district I began my career in was $34,700."
2qqcs,Compensation & Benefits,highest,5,Have the vision to support that courage.
2qqcs,Hiring & Onboarding,lowest,1,"1055 AZ Teachers Have Resigned Since July

In a new report released by the Arizona Department of Education (ADE), 1,055 teachers have resigned since July 1."
2qqcs,Hiring & Onboarding,highest,5,I applied and my application was finally approved after multiple submissions and a complaint launched with the BBB.
2qqcs,Management & Leadership,lowest,1,"Starting salary in a district I began my career in was $34,700."
2qqcs,Management & Leadership,highest,5,Thank God my principal is great at his job.
2qqcs,Job Security & Stability,lowest,1,"The issue I am bound to run into is leaving my job, which means not having a stable income anymore and with the job market as is, everything sucks."
2qqcs,Job Security & Stability,highest,5,"I sat in my admins office today watching my classroom on the security cameras and saw that it took two teachers to contain that one child's explosive tantrums, and I keep getting told that these parents have contacted the IU and therapy groups, but there's so many kids who need help."
2qibb,Hiring & Onboarding,lowest,1,"Traffic Violations [N/A]

Hi everyone,

I work in HR for a small company that operates about 15 vans."
2qibb,Hiring & Onboarding,highest,5,Tell me about your worst week in HR so we can commiserate.
2qibb,Career Growth & Development,lowest,1,So awful to have to feel that way with somebody who claims to be your mentor.
2qibb,Career Growth & Development,highest,5,"SHRM CP Study Guides and Notes To Give [IL]

I took the SHRM CP exam at the end of last year and passed."
2qibb,Workload & Operations,lowest,1,"Misery loves company, tell me about a recent mistake you made

I fell for a phishing email and updated an employee’s direct deposit without verifying it."
2qibb,Workload & Operations,highest,5,Going through all the best software articles is unreliable because they place their sponsors on top.
2qibb,Management & Leadership,lowest,1,The manager wants the employee gone and was in the process of putting them on a PIP before we got their resignation.
2qibb,Management & Leadership,highest,5,I am currently and HR Director.
2qibb,Team & Colleagues,lowest,1,"I’m already aware that:

* Federal law prohibits any deduction that would reduce an employee’s pay below minimum wage."
2qibb,Team & Colleagues,highest,5,"This morning I arrived to State Troopers in our parking lot, wanting to talk to an employee who apparently was involved in a road rage incident where he pulled a gun on another driver."
2qibb,Compensation & Benefits,lowest,1,"I’m already aware that:

* Federal law prohibits any deduction that would reduce an employee’s pay below minimum wage."
2qibb,Compensation & Benefits,highest,5,We have rewritten the job description and increased pay to be higher than other companies in our area.
2qibb,Work Culture & Environment,lowest,1,"If I haven’t explained enough why I do not feel that this is fully my fault, why I do not feel that I should be judged as ‘someone who can handle stress’, or any of the like that I would face in an interview when asked why I have taken a leave, then I can promise you a second equally as lengthy list of reasons how this corporation quite literally broke my brain and drove me to the brink of insanity."
2qibb,Work Culture & Environment,highest,5,Fast forward and now I am in this toxic group.
2qibb,Job Security & Stability,lowest,1,"We’re drafting a **driver policy** that uses **progressive discipline** for repeat violations — verbal and written warnings, then suspension or termination after multiple offenses."
2qibb,Job Security & Stability,highest,5,"Pay, growth, stability, and it actually fits my long-term career goals and family needs."
34zqz,Career Growth & Development,lowest,1,Please avoid any off-topic self-promotion in this thread.
34zqz,Career Growth & Development,highest,5,"* JSON-driven questions (easy to add your own)
* Abstract diagram style to isolate perception & intuition
* Built with React + TypeScript + Vite
* Extensible plugin system for custom test diagrams

🔹 **"
34zqz,Workload & Operations,lowest,1,"I'm now at a company that has a million analytics tools, but they are all either not configured, or were configured so many product changes ago that they no longer work."
34zqz,Workload & Operations,highest,5,"Where I’m currently at: I was thinking of doing 1:1 user interviews with people in each role, in which I ask them to walk me through their process in their role when setting up our product at their organization."
34zqz,Hiring & Onboarding,lowest,1,"I’ve since sent over 200 resumes and have only received rejections, except for one company that made me an offer."
34zqz,Hiring & Onboarding,highest,5,Now a pharma company I’d been interviewing with before starting this job has come back with a CX Strategy Lead offer—about 30–40% higher pay.
34zqz,Team & Colleagues,lowest,1,"Here’s what we’ve tried:  
❌ **Lookback** – has gesture tracking, but it distorts the phone view and adds native controls that can’t be hidden.  
❌ **UserTesting** – no response from support."
34zqz,Team & Colleagues,highest,5,"Pros: incredible salary, very talented and smart coworkers, respected by the team."
34zqz,Compensation & Benefits,lowest,1,"Help in negotiating Sr. UXR salary

I know the job market is bad, the economy is terrible."
34zqz,Compensation & Benefits,highest,5,"Pros: incredible salary, very talented and smart coworkers, respected by the team."
34zqz,Work Culture & Environment,lowest,1,It's full of racism and misogyny.
34zqz,Work Culture & Environment,highest,5,"the kind that changed how you do work, deal with the politics of work, or think about growing."
34zqz,Job Security & Stability,lowest,1,"Hello all, 
I recently lost my contract and have been applying for  FTE jobs since last November with little success."
34zqz,Job Security & Stability,highest,5,​I was laid off 13 months ago and have been on the job hunt since.
34zqz,Management & Leadership,lowest,1,"Wake up babe, new survey scale just dropped

…from a survey a product “influencer” is running on “The State of Product Management”."
34zqz,Management & Leadership,highest,5,Now a pharma company I’d been interviewing with before starting this job has come back with a CX Strategy Lead offer—about 30–40% higher pay.
2tj75,Compensation & Benefits,lowest,1,Pay’s stagnant.
2tj75,Compensation & Benefits,highest,5,I have been to this job interview in a home health facility.
2tj75,Career Growth & Development,lowest,1,Companies promote unethical practices.
2tj75,Career Growth & Development,highest,5,"I receive one hour of mentorship per week which has been great for discussing complicated patients on my caseload, overall helping me with time management (seeing 2-3 pts per hour), and having reasonable expectations for myself as a new grad."
2tj75,Workload & Operations,lowest,1,Patients that cancel 90% of appointments and then show up for DC...
2tj75,Workload & Operations,highest,5,I am in my first year of college and I want to optimally plan out my college classes
2tj75,Team & Colleagues,lowest,1,This is actually nuts people in healthcare are just trying to be decent and play a respectable role in this diabolically profit-driven economy.
2tj75,Team & Colleagues,highest,5,I love working with people and helping them with exercises.
2tj75,Hiring & Onboarding,lowest,1,"I submitted my application on July 3, and since then not a peep from the WDOH."
2tj75,Hiring & Onboarding,highest,5,"NPI number

I recently graduated as a physical therapist and submitted my NPI application about 10 days ago."
2tj75,Management & Leadership,lowest,1,"It didn't stop my boss from chewing me out twice for having this awful cough and said it was my fault for not eating healthy enough, even though she never asked anything about my diet."
2tj75,Management & Leadership,highest,5,"I receive one hour of mentorship per week which has been great for discussing complicated patients on my caseload, overall helping me with time management (seeing 2-3 pts per hour), and having reasonable expectations for myself as a new grad."
2tj75,Job Security & Stability,lowest,1,"This is extremely disheartening since I have no control over this delay, but my future and my financial security hangs on it."
2tj75,Job Security & Stability,highest,5,I by no means need this gig).
2tj75,Work Culture & Environment,lowest,1,"What are the biggest problems your pt office faces with your crm

I hate webpt sooo much."
2tj75,Work Culture & Environment,highest,5,"I have referred client onward for custom orthotic assessment and have started client on a stretching regime to start and will integrate glute strengthening, lumbrical strengthening, etc as well as some dynamic drills such as balance board, foam pad, disc work."
2u7lz,Work Culture & Environment,lowest,1,"everyone has nerf guns in the office

the partners run around with nerf guns at least 2/5 days out of the week"
2u7lz,Work Culture & Environment,highest,5,"Wearing my blazers, I look out of place with the culture."
2u7lz,Workload & Operations,lowest,1,I also requested every statement/letter ever sent from the bank to my client and there were several letters showing missing payments.
2u7lz,Workload & Operations,highest,5,I’ve spent every night away from my family for the past 2-3 weeks while I’ve been going through multiple rounds of edits on these.
2u7lz,Career Growth & Development,lowest,1,i just graduated law school and passed the bar exam.
2u7lz,Career Growth & Development,highest,5,My ultimate goal is to drop the billable hours and get an in-house counsel job.
2u7lz,Team & Colleagues,lowest,1,"In the last couple of weeks, workloads spiked, and a couple days ago two paralegals ended up in a shouting match (with one of the paralegals breaking down crying), and a partner has started tossing me last-minute tasks while I’m already buried in my own files and wading through thousands of pages of discovery."
2u7lz,Team & Colleagues,highest,5,It’s still the easiest way to actually talk to people.
2u7lz,Compensation & Benefits,lowest,1,"Prepaid Legal Plans/Legal Insurance - AMA

Solo attorney in MI and signed with all of the following: 

	1.	ARAG 
	2.	LegalShield
	3.	MetLife 
	4.	LegalEASE
	5.	Allstate Legal Insurance / U.S. Legal Services
	6.	LegalZoom 
	7.	Rocket Lawyer
	8.	Legal Club of America"
2u7lz,Compensation & Benefits,highest,5,"I laughed out loud when I read this clause: 

“Our work together is designed to help you create a new vision for your life, and in doing so, help birth a new reality for the collective consciousness as a new earth leader.”"
2u7lz,Management & Leadership,lowest,1,Please help my secretary sent an email that was meant for my boss to send.
2u7lz,Management & Leadership,highest,5,My boss wasn’t an asshole about it.
2u7lz,Hiring & Onboarding,lowest,1,I’m giving notice tomorrow
2u7lz,Hiring & Onboarding,highest,5,"Hello everyone, 

I am a recently licensed attorney and I'm in the middle of my job hunt at the moment."
2u7lz,Job Security & Stability,lowest,1,"Just got fired need advice

I just lost my job at a small public entity defense firm."
2u7lz,Job Security & Stability,highest,5,"Commercial Contract Drafting Resources

After three years in biglaw I’ve finally secured a junior in-house gig."
2xc7p,Work Culture & Environment,lowest,1,"This morning I went to Pinterest looking for potential remote, entry level quality assurance jobs for myself and spotted high lever jobs that could be possibilities for a friend."
2xc7p,Work Culture & Environment,highest,5,"Hi everyone,

I’m currently looking for remote roles (worldwide) as a Finance Analyst, Data Analyst or Data Scientist."
2xc7p,Career Growth & Development,lowest,1,"Not getting Interview call Even After 2 years of experience

Hey everyone,  
I've been struggling to land interview calls despite having 2 years of experience in data Science,  machine learning  , NLP and Computer Vision ."
2xc7p,Career Growth & Development,highest,5,"Throughout my high school years, I've been focused on software development, building websites, apps, and even working with Arduino."
2xc7p,Management & Leadership,lowest,1,"After a year and a half of applying to jobs nonstop with 0 offers, I quit my job two weeks ago as I could no longer stand my boss."
2xc7p,Management & Leadership,highest,5,"I have over 7 years of experience in DS along with work as data engineer and technical product lead, leading a team of 6."
2xc7p,Workload & Operations,lowest,1,"This project has no baseline before it to compare, and we handed it off to a different team where they straight up just took our credit and never told us any stats(Im forreal, I dont know how we lost it, but Im a junior they dont tell me this politics stuff)."
2xc7p,Workload & Operations,highest,5,"* Built several projects including a churn prediction model, a customer segmentation analysis, and even a basic RAG pipeline using LangChain."
2xc7p,Hiring & Onboarding,lowest,1,"How do you guys write impact on resumes

I've worked at a company for 3.5 years now, this is my only FT work experience, and I'm thinking of freshening up my resume as I may plan to get a new job within a year or so(my team seems to be collapsing from outsourcing, layoffs, etc)."
2xc7p,Hiring & Onboarding,highest,5,"With no external funding or VC backing, I’ve built a small platform that aims to help people **apply AI to real-world career use cases**, and **bridge the gap between learning and practical application**."
2xc7p,Team & Colleagues,lowest,1,"How do you guys write impact on resumes

I've worked at a company for 3.5 years now, this is my only FT work experience, and I'm thinking of freshening up my resume as I may plan to get a new job within a year or so(my team seems to be collapsing from outsourcing, layoffs, etc)."
2xc7p,Team & Colleagues,highest,5,We currently use Tamarac CRM and want to build out capabilities to make it easier to capture and analyze data to support strategic decision making.
2xc7p,Job Security & Stability,lowest,1,"Struggling with Interviews

I got laid off about 4 months ago and I’ve had 4-5 interviews that go no where at different stages and I feel like I suck at the interviews."
2xc7p,Job Security & Stability,highest,5,"Hello everyone,

I would like to collaboratively define a reasonable portfolio to specialize in managing a freelance consulting business as a Data Scientist."
2xc7p,Compensation & Benefits,lowest,1,"Compensation: $95 k base, no bonus or equity (East Coast)
* Visa Sponsorship: Cap-exempt H-1B sponsorship (no lottery)"
2xc7p,Compensation & Benefits,highest,5,"Interviewing at Oracle Health AI  - IC4

Hello!"
2ra72,Hiring & Onboarding,lowest,1,First Night off Orientation!
2ra72,Hiring & Onboarding,highest,5,I'm a new grad with my associates and I recently got hired for a job.
2ra72,Compensation & Benefits,lowest,1,"If they don’t have PTO, they go unpaid."
2ra72,Compensation & Benefits,highest,5,"Nursing has changed my life

I grew up in a low income family."
2ra72,Team & Colleagues,lowest,1,"One night at my hospital we had a Spanish speaking patient come in, the iPad translation system wasn’t working (which happens way to often), and ofc that was the only night where we didn’t have a Spanish speaking staff working."
2ra72,Team & Colleagues,highest,5,Our travel nurses have far more experience than our core staff and I see how they do things differently.
2ra72,Work Culture & Environment,lowest,1,I have never worked a remote position.
2ra72,Work Culture & Environment,highest,5,"If they ask “why nursing,” I want to say “because I care,” and also “because I want safe ratios and a life.”"
2ra72,Workload & Operations,lowest,1,"One night at my hospital we had a Spanish speaking patient come in, the iPad translation system wasn’t working (which happens way to often), and ofc that was the only night where we didn’t have a Spanish speaking staff working."
2ra72,Workload & Operations,highest,5,“This is my third email on this topic.
2ra72,Management & Leadership,lowest,1,and I don’t want to be “that guy” who complains to admin.
2ra72,Management & Leadership,highest,5,"I have multiple letters of recommendations from my company’s board members, coworkers, supervisors, and my therapist."
2ra72,Career Growth & Development,lowest,1,"After, I did my medical examiner card and passed my ambulance driver's test two weeks ago."
2ra72,Career Growth & Development,highest,5,I even recall almost verbatim questions on the exam.
2ra72,Job Security & Stability,lowest,1,Post transfusion his HR increased to 120 and his temp went up to 37.5.
2ra72,Job Security & Stability,highest,5,I feel I have financial stability for the first time ever.
2xct1,Career Growth & Development,lowest,1,"Terrible at math but trying to get into Data Analytics

Hey everyone,
I’m at a stage in life where I have to make a career shift, and I’ve recently started learning data analytics."
2xct1,Career Growth & Development,highest,5,"Over the past few months, I’ve completed several in-depth machine learning courses and am continuing to build hands-on experience to strengthen my profile further."
2xct1,Hiring & Onboarding,lowest,1,Roast My Resume for Data Analyst Intern
2xct1,Hiring & Onboarding,highest,5,"Need Help Building a Data Analyst Resume


Hi everyone!"
2xct1,Workload & Operations,lowest,1,"Terrible at math but trying to get into Data Analytics

Hey everyone,
I’m at a stage in life where I have to make a career shift, and I’ve recently started learning data analytics."
2xct1,Workload & Operations,highest,5,I will be leading a DA project in my organisation.
2xct1,Work Culture & Environment,lowest,1,"Not able to land interviews

Not able to land any interviews - mostly for remote roles."
2xct1,Work Culture & Environment,highest,5,Vibe code data apps in minutes
2xct1,Team & Colleagues,lowest,1,"people start thinking one match = one row, and that’s just… not it."
2xct1,Team & Colleagues,highest,5,"This is the playbook I keep coming back to: solve real problems, make ownership clear, build for self-serve, keep the stack lean, and always show your impact: [https://www.mitzu.io/post/the-playbook-for-building-a-high-impact-data-team](https://www.mitzu.io/post/the-playbook-for-building-a-high-impact-data-team)"
2xct1,Compensation & Benefits,lowest,1,"Last year (2024), I did one unpaid externship at a company called Extern, worked on a simple sentiment analysis project using Amazon web scraping."
2xct1,Compensation & Benefits,highest,5,I already make 10LPA+ without considering my upcoming increment and annual bonus.
2xct1,Job Security & Stability,lowest,1,"Anyone here has any information on how to get started and from where we can get a freelance project in Data Analytics 

I know"
2xct1,Job Security & Stability,highest,5,As AI is now involved in almost all fields.. of the 3 which would be the most secure in the future.
2xct1,Management & Leadership,lowest,1,Roast my resume for Lead/Senior analytics.
2xct1,Management & Leadership,highest,5,"I have a Bachelor’s degree in Accounting and a Postgrad Certificate in Business Management, and right now I’m taking a certification course to become a Data Analyst."
2qhxd,Job Security & Stability,lowest,1,"Exclusive | NYPD cop on sick leave snuck into Ryder Cup in full tactical gear, claimed he was working security"
2qhxd,Job Security & Stability,highest,5,"I have gone on to get my pistol permit, guard card, CPR/AED/First Aid certifications I am currently unemployed and in real estate school I take my final exam next week which I know I’ll pass."
2qhxd,Work Culture & Environment,lowest,1,"Noida Police bullying behaviour

It was one of our friend birthday and we were at house having a party and playing cards."
2qhxd,Work Culture & Environment,highest,5,"I have a lot of respect for officers over the years due to saving my life a few times and helping me with trivial things, like checking on me or just having a conversation when I felt alone."
2qhxd,Career Growth & Development,lowest,1,So my license is expired by 7 months.
2qhxd,Career Growth & Development,highest,5,"I have gone on to get my pistol permit, guard card, CPR/AED/First Aid certifications I am currently unemployed and in real estate school I take my final exam next week which I know I’ll pass."
2qhxd,Compensation & Benefits,lowest,1,So you need 20 years of service to retire with a pension.
2qhxd,Compensation & Benefits,highest,5,(Going through his insurance aswell.
2qhxd,Hiring & Onboarding,lowest,1,"This was roughly 10 days ago, and for reference there was a 5 week gap between my 1st and 2nd interview, as well as another 5 week gap between my 2nd and 3rd interview (with the deputy chief last week)."
2qhxd,Hiring & Onboarding,highest,5,"This was a surprise as I am finishing my 4th year of college and graduate in May and we were planning on moving out of state, anywhere a good job offer can take me."
2qhxd,Workload & Operations,lowest,1,She calls the police again this time showing the paperwork and they did they won't put him out.
2qhxd,Workload & Operations,highest,5,When you're at your job and it's busy
2qhxd,Team & Colleagues,lowest,1,"How many people pass the exams

Asking about New York Police department.."
2qhxd,Team & Colleagues,highest,5,"As far as support from my wife goes, she's incredibly proud of me and she would happily disown anybody who had a problem with it..."
2qhxd,Management & Leadership,lowest,1,"This was roughly 10 days ago, and for reference there was a 5 week gap between my 1st and 2nd interview, as well as another 5 week gap between my 2nd and 3rd interview (with the deputy chief last week)."
2qhxd,Management & Leadership,highest,5,"Best way to become a cop

Hi I’m currently in high school as a sophomore and want to become a cop in the future then hopefully have that lead into becoming a lawyer what is the best way to do this should I start the process to being a cop and go to college for law and what should I focus on/ take in high school any advice helps thank you"
