subreddit_id,category,score,snippet,submission_id
2qqcs,Job Security & Stability,1.0,I have loved teaching however this year my coteacher was let go,1otyrkx
2qqcs,Job Security & Stability,2.0,I 27F got laid off from my admin job in March and started substitute teaching.,1ou0d4o
2qqcs,Career Growth & Development,2.0,"I just don’t know if at this stage of my life, if starting a new career path wouldn’t just be a waste of time and I’d be better off just sticking with advancing my nursing career as I’d originally intended.",1otf3po
2qqcs,Hiring & Onboarding,3.0,I have my background check,1o7nxi9
2qqcs,Career Growth & Development,3.0,I’ve been thinking a lot lately about whether or not becoming a professor would be a better career path for me.,1ot3gpm
2qqcs,Career Growth & Development,3.0,"However, now as the time for applying to graduate programs draw near (most are December or January of this year), I've been seriously questioning which career pathway I am best suited for. ... If any of you have any advice as to what career pathways I should look into, please let me know!",1oh8ttq
2qqcs,Compensation & Benefits,4.0,"In my country, leaving for two years isn't that long for a teacher; it's roughly equivalent to maternity leave, and it's common for teachers to take a year of paid leave even without serious health reasons.",1of5sc4
2qqcs,Work Culture & Environment,5.0,"Here’s a little about me and what I’m looking for:
	•	I value free time, flexibility, and work-life balance — I don’t want to be constantly stressed or overworked. ... Torn Between Becoming an Elementary Teacher or an SLP — Need Advice

Hi everyone,

I’m really stuck between two career paths and could use some honest advice from people who’ve been there.",1o4cq8t
2qqcs,Career Growth & Development,1.0,It honestly has me pretty sad and uncertain about taking this as a career path.,1os1e9d
2qqcs,Job Security & Stability,1.0,"At the beginning of last year, when I was on maternity leave, I was informed that the grade team I was on would cut from four to three positions based on enrollment numbers.",1o7qzuh
2qqcs,Compensation & Benefits,1.0,"Admin telling you ""we hire people who care about the work, not the hours"" when you ask about compensation or work-life balance.",1o68ajo
2qqcs,Job Security & Stability,1.0,"Long story short, my boyfriend got laid off back in August and hasn’t been able to get a job until now, unfortunately it is out of state.",1o6m8tr
2qqcs,Career Growth & Development,3.0,"Help getting into teaching

Hello,
I have a bachelors of science and have decided to change career paths.",1of30my
2qqcs,Compensation & Benefits,3.0,"Maternity Leave

Hi Fellow Teachers! ... Looking for some advice on if we should just start now and just tackle maternity leave however that comes in the school year, or plan for an ideal birthdate of the spring to go right into the summer.",1obolcc
2qqcs,Work Culture & Environment,1.0,"I do not work as a teacher, but some of my friends on the West Coast are… and the conditions are absolutely atrocious: underpaid, no work-life balance, administration pushing for nominal results that look good on paper.",1o5krwe
2qqcs,Compensation & Benefits,2.0,I used up my personal days leading up to giving birth and then took my maternity leave right when that finished. ... I was under the impression that the 6-8 weeks of maternity leave would be fully paid. ... I live in northern California and recently went on maternity leave.,1o3actd
2qqcs,Career Growth & Development,3.0,I am trying to decide what to do with my career path.,1o2zrq0
2qqcs,Compensation & Benefits,2.0,"I live in PA I’m 18 and want to be a teacher, but the constant upward cost of life is kinda scaring me out of committing to this career path.",1o2i2ty
2qqcs,Compensation & Benefits,3.0,Maternity Leave Expectations,1or0ufr
2qqcs,Career Growth & Development,3.0,I'm looking for career paths that pay similar or more than teaching and will help me feel more fulfilled in life by helping others than teaching does.,1oqhkzu
2qqcs,Workload & Operations,2.0,But she is expecting me to be at the same level as her when i’m obviously not going to be as a second year teacher who has a work-life balance.,1opix3z
2qqcs,Compensation & Benefits,2.0,"I make less than an EA and was hired to run the library, the job description said nothing about teaching classes.",1op5swu
2qqcs,Career Growth & Development,3.0,"In college, this is the career path I was passionate about.",1oosaq0
2qqcs,Job Security & Stability,1.0,I got laid off the week before Mother’s Day weekend and my company went bankrupt as a result of the loss of funding.,1on8zyd
2qqcs,Job Security & Stability,3.0,"Teaching has its problems, but at least we don't have to worry about being laid off because AI can write code and crunch numbers better than a human.",1o99q3f
2qqcs,Compensation & Benefits,1.0,But I can't do that right now because I live in America and the only paid days I will have for my maternity leave are my sick/personal days for this school year that don't get used up by May.,1on13ot
2qqcs,Compensation & Benefits,3.0,"ISO: research regarding PTO vs. sick leave policies in schools

My school in a large district has 10 sick days and 2 personal days available to teachers each year.",1ongnbr
2qqcs,Workload & Operations,1.0,"Being a teacher, I find that I don't have a work-life balance.",1omsu9j
2qqcs,Hiring & Onboarding,2.0,"As of now there is simply a basic background check and interview, as long as they make it pass those, they're hired.",1odgmnp
2qqcs,Hiring & Onboarding,1.0,it does just seem super unfair that i was thrown in this situation with no training or anything it just seems like they’re putting me where there is need and that was not in the job description.,1obtvzz
2qqcs,Work Culture & Environment,5.0,"It’s a fully remote job with a great setup — nice coworkers, no constant meetings, flexible schedule, and good work-life balance.",1obvrvz
2qqcs,Career Growth & Development,3.0,I’m looking for any and all advice as this is insanely different from the career path I’m leaving (Personal Training with people over the age of 50),1o8oair
2qqcs,Job Security & Stability,1.0,(I was laid off a month ago and just got my last paycheck from the school.),1oltl73
2qqcs,Workload & Operations,3.0,I will be subbing for a woman on maternity leave from 11/5-3/25.,1of4mly
2qqcs,Compensation & Benefits,3.0,"Maternity Leave

I’ve been on maternity leave since before school started.",1ob09um
2qqcs,Hiring & Onboarding,2.0,"On a side note, I’m also struggling with how to submit the IHSC/background check/finger prints as an out of state person.",1o9d1tr
2qqcs,Work Culture & Environment,4.0,"I’m considering changing my career path to teaching since it would give me more time with my son, I wouldn’t have to go on to grad school (like if I continued with psychology), and I’ve enjoyed other teaching positions I’ve had for different organizations (such as teaching sewing)",1o8cqpb
2qqcs,Career Growth & Development,2.0,"Teaching..

I’m in my internship semester, (right before student teaching) and I’m beginning to wonder if I’ve chosen the wrong career path.",1oefphb
2qqcs,Work Culture & Environment,4.0,They work hard and go beyond their official job description while being mindful of their limitations.,1ohuk0i
2qqcs,Workload & Operations,1.0,"1. EXCESSIVE WORKLOAD & PAPERWORK

   \- Long hours beyond classroom instruction

   \- Heavy administrative burden (especially IEPs in special ed)

   \- Little time for work-life balance

   \- Affects: K-12 teachers, special education

2. STUDENT MENTAL HEALTH CRISIS

   \- 64% of teachers report student mental health worse than pre-pandemic

   \- Teachers lack training/time to address trauma and emotional needs

   \- Instructional time consumed by crisis management

   \- Affects: K-12, especially urban/high-need schools

3.",1ojfi9z
2qqcs,Management & Leadership,1.0,"She is now requiring that you call her for sick leave, where she will berate you for taking it and lecture you about how the kids need you. ... Thankfully, the hospital called district HR who told principal in no uncertain terms that she was to go the fuck home  right now and start her maternity leave.",1oej5jz
2qqcs,Career Growth & Development,2.0,"but its tough because this is the most logical career path for me since i studied philosophy and have some previous experience teaching and coaching. ... this is a hard job and you don’t get paid so you have to love it.”

that’s basically the gist of what she said and now i’m like lowk freaking out because im definitely not 100% sure about this kind of career path. ... and we started getting into it during our preps about teaching and how it is as a career path",1p3373c
2qqcs,Compensation & Benefits,3.0,Currently 4 or so weeks from maternity leave,1p207ib
2qibb,Workload & Operations,3.0,"Ability to run background check from application page
12.",1o63vgs
2qibb,Workload & Operations,3.0,"We store employment contracts, employee promotion documents, background check documents etc in there",1mkx76o
2qibb,Workload & Operations,1.0,"Since starting, I’ve discovered major issues: forged documents, improperly completed I-9s going back more than five years, missing employment verifications for over 250 employees, and very few background checks conducted.",1mktuq9
2qibb,Compensation & Benefits,5.0,I love Compensation because I love analyzing job descriptions and matching the correct salary to the role.,1omsglh
2qibb,Career Growth & Development,3.0,"Career Development Question [MA]

For anyone with an HR degree or experience in Human Resources.",1nv6wrc
2qibb,Hiring & Onboarding,3.0,"Interview Tips [United States]

Hi, after 10 years working for the same company, I have entered the job market after being laid off.",1mrcn5e
2qibb,Career Growth & Development,2.0,I’ve also noticed a trend of requiring “demonstrated experience with xyz” in so many job descriptions; it stings because I feel like I have no achievements and no useful “demonstrated experience” because of having been relegated to admin work for so many years.,1mbk6i3
2qibb,Hiring & Onboarding,4.0,"[CA]

Great opportunity--[Human Resources Director | Onsite | California Food Manufacturing Leadership Opportunity | Phoenix VX",1o6jiwo
2qibb,Workload & Operations,4.0,"So I work as an HR consultant for a small company where we outsource HR services to other small business (mostly in NYS, although there are a few clients who have employees in other states; this will come up shortly), generally along the lines of me working with clients to create handbooks and policies, answer general HR questions like ""do I have to I have to pay my employees sick leave and how much (man is it shocking how many employers don't know this), and occasionally assist them with questions on disability, FMLA, and state PFL.",1o3lgg9
2qibb,Compensation & Benefits,3.0,"Current Policy

Right now, PTO and sick leave are combined into a single bank. ... Paid Sick Leave (not paid out at termination)
Both would accrue based on hours worked.",1o3f8db
2qibb,Career Growth & Development,3.0,"When I look at job descriptions for those roles, I do feel like I have experience that makes me a candidate for those roles.",1mbniod
2qibb,Career Growth & Development,3.0,"I wasn't planning on taking the SPHR this soon, but I got laid off by said employer on January 31st and eight days later in the spirit of ""I oughta show you"", I applied.",1m8pn7y
2qibb,Hiring & Onboarding,3.0,"\- ""ranking/rating"" system of questions/qualities based off of job descriptions

Obviously, very much still in the brainstorming era but any help would be greatly appreciated! ... I have their job descriptions complete, now is just figuring out how to approach the review.",1m8e1px
2qibb,Compensation & Benefits,4.0,"I collected multiple market salaries, put together my own job description, and anything else that would support my case.",1md5wji
2qibb,Work Culture & Environment,2.0,Gotta love upper management.,1mccp1h
2qibb,Career Growth & Development,3.0,I’ve been eyeing a masters program at a local college that’s a masters in Human Resources and Employment Relations for quite some time.,1mbo0bi
2qibb,Hiring & Onboarding,1.0,"Struggling to get back in the field after a layoff [WA]

I was laid off in January 2023 from a role that I had for a year and a half as a people operation specialist who was beginning to pivot into HR program management.",1nzt8mr
2qibb,Career Growth & Development,3.0,"I'm in a dilemma: I'm currently working as a human resources assistant, with the possibility of growing up to HR Generalist.",1ocd1cf
2qibb,Workload & Operations,3.0,"For employee A, he is still on target, consistent with his performance, doing well except for last week when he went on sick leave for 2 days.",1mdcm6s
2qibb,Career Growth & Development,3.0,I am looking at WGU for a B.S. Human Resources Management.,1nwa3pp
2qibb,Job Security & Stability,1.0,"I am constantly on edge because I feel like I am moments away from being laid off, and I feel like my career growth is being stalled.",1of0k79
2qibb,Hiring & Onboarding,1.0,"Between managers rewriting job descriptions every two days, job boards spitting out hundreds of junk resumes, and me trying to keep track of it all, it’s a mess.",1n7rgb8
2qibb,Compensation & Benefits,2.0,"I’m not talking about salary, stock options, or bonuses.",1obnwr4
2qibb,Career Growth & Development,3.0,My career path has been a little different.,1mupovz
2qibb,Job Security & Stability,4.0,I have thankfully up until now not been a part of a plant closure or been laid off.,1m8wzd5
2qibb,Hiring & Onboarding,3.0,"Right now, I’m working as a Talent Acquisition Specialist where my main responsibilities are:
	•	Candidate sourcing and screening
	•	Handling onboarding & compliance (background checks, I-9s, drug screenings, etc.)
	•	Coordinating new hire data and reports in Excel

Before this, I worked as an HR Assistant, so I have some general HR experience too.",1njs087
2qibb,Workload & Operations,3.0,I currently work in the military as a human resources administrator.,1nh4e5g
2qibb,Career Growth & Development,3.0,"CHRP/CHRL Exam advice [Canada]

I graduated university studying Human Resources Management years ago (outside of Canada).",1odplj1
2qibb,Job Security & Stability,1.0,One of them mentioned to me that a friend of theirs (also a contractor) got let go at a company that was recently fined for misclassification.,1o7mzc8
2qibb,Management & Leadership,1.0,"And I just got to the point she goes to HR who states that they're aware of her being forced to work on maternity leave and despite medical concerns, she will receive no accommodation.",1mj2bp7
2qibb,Career Growth & Development,4.0,"I know companies typically offer this when staff are being laid off, but I’m asking more as a benefit to current staff for their professional growth.",1n8a6q8
2qibb,Career Growth & Development,4.0,"I’d rather leave of my own accord for a higher paying, advancement role than be laid off.",1mcdyad
2qibb,Compensation & Benefits,1.0,Our annual increases are less than 1% but with my husband's salary combined it paid the bills so I just said whatever....until my husband got laid off a year ago and still has not found a job. ... Been in Human Resources for about 18 years now but only at 2 companies.,1mtt1x4
2qibb,Hiring & Onboarding,4.0,"I wanted to reach out to ask what providers you’ve used in the past that you would recommend for the following:

- Quick turnaround times (a few days for a basic criminal screening)
- Coverage of criminal history, sex offender registry, SSN trace, reference interviews, and previous employment history
- An online portal where candidates can be sent and sign paperwork; since we also conduct background checks for minors, the system would need to allow a legal guardian to sign as well",1mx9zt5
2qibb,Hiring & Onboarding,5.0,"Led the design of an HR strategy and organizational structure during a high-growth phase, resolving a volunteer recruitment crisis by defining team roles, headcount needs, and reporting lines; created job descriptions and an org chart, streamlining onboarding and improving retention by 40%
* Recruited 30+ skilled volunteers and mentors across the U.S., Brazil, and South Africa through targeted outreach using Catchafire, internal databases, and direct networking. ... **Human Resources Specialist (Non-Profit)** @ a Non-Profit *– Remote, NJ* **XXX – XXXX**

* ... Enhanced onboarding efficiency by processing government-mandated documentation (I-9, E-Verify, background checks) and new hire paperwork through COMPANYNAME’s online platform, ensuring over 90% first-day readiness and onboarding completion in under 24 hours.",1mkioah
2qibb,Workload & Operations,3.0,"Resignation before maternity leave ends [IL]

I had an employee resign with a little over 2 weeks left of maternity leave. ... We have less than 50 EEs and it was regular parental leave.",1mihx5z
2qibb,Job Security & Stability,1.0,I really enjoyed the work I was doing until my team was laid off two months ago and I’ve been feeling lost since then trying to apply for jobs but seeing them all ask for certifications. ... When I was planning to start studying to get the certificate this year my team was laid off.,1mhds6x
2qibb,Career Growth & Development,3.0,I'm a first-year college student currently exploring human resources as a potential career path.,1o96mka
2qibb,Career Growth & Development,4.0,"[N/A]Career Choice

I have always felt that I would be great a human resources.",1mr0u5m
2qibb,Career Growth & Development,4.0,"I’ve basically spent the last six years in Human Resources as a generalist/manager, and I want to make the switch to HR technology.",1mnoisq
2qibb,Compensation & Benefits,2.0,"I love what I do but maybe this isn’t the place for me and since the job market for HR is such trash, maybe I should accept a pay cut and leave to a different career path.",1mogftt
2qibb,Job Security & Stability,2.0,"I loved this work, but after only a year, the company was doing poorly and laid off 50% of their employees including me. ... Most of my experience has been as a recruiter, raising through the ranks at smaller organizations where I handled many HR topics such as employee relations, career pathing, terminations, people data, promotions, pay review etc. on top of recruitment.",1oum0k0
2qibb,Workload & Operations,4.0,"In this organization, the HR department didn’t exist 5 years ago, and I am the first Human Resources Benefits Specialist in its history.",1os3mfr
2qibb,Workload & Operations,1.0,"My company is going through a restructuring and in that restructuring, my HR manager was let go. ... Not only am I going to school, but we have triple the work since our HR Manager was let go.",1ok5p5k
2qibb,Compensation & Benefits,1.0,I feel like what I'm currently doing is way out of my job description and definitely not aligned with my pay.,1ok858b
2qibb,Job Security & Stability,1.0,"Need help please [N/A]

After 3 1/2 years as a Sr. HR Generalist at my current role I was let go on Monday.",1ojxj1y
2qibb,Job Security & Stability,1.0,"Once I was laid off, I thought about exercising more. ... In Q2 of this year, I was let go from job due to a reduction in force.",1oio1sv
2qibb,Job Security & Stability,1.0,"WARN Act violation [TX]

HR Specialist here, I was one on just over 100 people laid off at the end of October. ... The few remaining will probably be let go at the end of the year.",1odprka
2qibb,Career Growth & Development,3.0,"So I noticed that when Pocket Prep gives you the references it’s listed as PHR, PHRi and SPHR, SPHRi Human Resources Certification Complete Study Guide: 2024 Exams, 6th Edition.",1oecxz4
2qibb,Career Growth & Development,5.0,"So I’m about to graduate with my BA in Human Resources , and I’m at that weird crossroads where I have almost a decade in recruitment, currently working in HRIS with an AI system, and… I actually like what I do.",1oe213b
2qibb,Compensation & Benefits,3.0,We are curious to how other companies not covered by FMLA operate so we can present some opportunities to upper management and implement our own leave policies.,1ocjjst
2qibb,Workload & Operations,3.0,"I handle onboardings ( background check, data entry and paperwork), I handle employee relations ( gathering evidence and solutions and then escalation if needed), day to day finance activities, reports generation and some budget overseeing.",1obcsco
2qibb,Career Growth & Development,3.0,I got my graduate certificate in Human Resources Management in 2022. ... I've been in the Human Resources profession for I would say about 2 and a half years now.,1o7w27n
2qibb,Workload & Operations,4.0,"Six months later and I have completed:

- updating their employee handbook, 
- job descriptions, 
- org chart, 
- handle all employee Hr and benefit questions, 
- make payroll corrections, 
- slowly building out a company ""college"" for employee trainings, 
- I meet with with our PEO team on things,
- recruiting and on-boarding new employees,
- manage job post and screening, 
- and about to start handling disturbed client calls.",1o5tx4t
2qibb,Workload & Operations,3.0,"Drafting a first-pass job description, tweaking an outreach message, or even adjusting the tone of an internal email.",1o51nom
2qibb,Hiring & Onboarding,1.0,"I thought I would be approved, because I have a Bachelor's degree and almost 3 years of HR experience, but they denied my application because they don't consider the job descriptions from my work history to meet the requirements.",1nx2fb2
2qibb,Hiring & Onboarding,3.0,"HR Job Search - Where to look for Recruiters [VA/DC]

I was recently laid off, and would like to find a recruiter/staffing agency to help me with my job search.",1nx5lt1
2qibb,Management & Leadership,1.0,Not to mention this senior director and I had just laid off 12 of their staff a month prior so they knew the whole process already.,1nurarm
2qibb,Job Security & Stability,1.0,"My role is Workplace/HR, which means I see termination emails come through, and over the past month I’ve noticed an influx of VPs, AMs, BDRs, and AEs being laid off, mostly sales roles with a couple in marketing (we have 1000+ employees globally)",1nui3er
2qibb,Career Growth & Development,4.0,Shape a clearer career path in this space,1nrypbv
2qibb,Career Growth & Development,4.0,I honestly am open about my career path my main focus is Management/ PR or Human Resources and my end career goal is a Professor but after i have gained experience and experienced my career opportunities,1nr5ddq
2qibb,Compensation & Benefits,3.0,"but I can’t really find anything online or companies offering paid caregiver leave, just paid parental leave and short term disability (some at 100% instead of 60%). ... Cannot use paid parental leave and paid medical leave, it’s one or the other, they’re not combined because our paid parental leave does not have the same FMLA eligibility requirements. ... [N/A]

One of the initiatives I am passionate about for 2026 is offering paid medical leave and paid caregiver leave (we already have a separate paid parental leave).",1nqfjfg
2qibb,Work Culture & Environment,4.0,"Because of that, I’ve often been “in the middle”, partnering closely with HR on talent management, career pathing, performance reviews, engagement, culture work, etc.",1p3bz62
2qibb,Job Security & Stability,1.0,i have also been laid off of my last three positions.,1nnsnmv
2qibb,Compensation & Benefits,3.0,"Any insight such as, workload, work-life balance, pay, preparation for retirement would be helpful.",1nnatcs
2qibb,Workload & Operations,3.0,"HR/payroll specifically for retail [PA] (HR Manager)

I am an Human Resources Manager currently looking for a new HR/Payroll system for our organization of about 100 employees.",1p1gti1
2qibb,Career Growth & Development,2.0,"[IL]

I am a former DEI director who is trying to pivot into an HRBP or OE role as I was laid off and am struggling to find similar positions.",1p0wy2j
2qibb,Career Growth & Development,3.0,I recently graduated (April 2025) from a business Human Resources program in Ontario.,1p0ba9y
2qibb,Hiring & Onboarding,3.0,"I was hoping to get some suggestions on what global background check companies you'd recommend. ... Background check providers - your recommendations [N/A]

Hello!",1p0jv0d
2qibb,Career Growth & Development,5.0,"Now that time has passed and I've proven myself capable and enthusiastic about advancing my career, upper management is moving my boss into a more plant manager-like position and promoting me to a higher HR role.",1nkbfka
2qibb,Job Security & Stability,1.0,"Hi all, so I was laid off as an HRBP (SaaS) 2 months ago and since then I have been on a job search.",1owvj6d
2qibb,Hiring & Onboarding,2.0,"Our job descriptions are also very generic - if you're an RN working in labor and delivery you have the same job description as an RN working CCU. ... Job Analyses / Physical Requirements on Job Descriptions [PA]

Hey all, I know this sounds crazy but our job descriptions do not list physical requirements. ... Our team wants to work towards having physical requirements on the job descriptions or have a separate physical requirement sheet for each department.",1ninacn
2qibb,Job Security & Stability,2.0,"We don’t want it to appear that she is being laid off because of her grievances, or in an effort to prevent her from speaking but she herself identified her position is only requiring 2 days a week - which we know is already generous.",1ni2eq2
2qibb,Hiring & Onboarding,3.0,"I gave her the request form, her job description, and the medical form for her doctor.",1nhzx7j
2qibb,Career Growth & Development,3.0,Advice on Career Path [N/A],1oug101
2qibb,Compensation & Benefits,3.0,"We told them they would be accruing PTO and paid sick leave at a rate commensurate with their schedule. ... Our sick leave, however, is weirdly complex and full time staff accrue 96 hours per year.",1ots3p4
2qibb,Management & Leadership,3.0,Upper management wants to change the cycle to everyone once a year at the same time.,1ni38hr
2qibb,Hiring & Onboarding,3.0,"Last month, I was reviewing a job description for a mid-level operations hire.",1opy6yh
2qibb,Job Security & Stability,3.0,Every VP and Director that's been let go since I've been here has gotten some level of severance (6-12 months) depending on factors including potential risk (I typically oversee terminations and severance offers). ... and they were worried I'm going to leave imminently which would be devastating since I've been covering for them while they've been having to take time off due to family issues and I've been covering for the other director who is out on parental leave.,1olgenj
2qibb,Job Security & Stability,2.0,I’m actively looking for work due to PE as a Human Resources Manager or Senior HR Business Partner role (open to hybrid or remote positions).,1ol0k47
2qibb,Job Security & Stability,3.0,"I supported the Biz Ops team for the streaming platform and then to save me from being laid off, I was moved to support Marketing.",1neqa6s
2qibb,Career Growth & Development,3.0,I’m considering changing career paths minorly (to project management) to majorly (quitting corporate America all together).,1ndari6
2qibb,Job Security & Stability,1.0,"He suggested I check job descriptions to see what I could focus on learning, but I still feel a bit lost.",1nc9s4o
2qibb,Work Culture & Environment,5.0,"Compared to my previous role, it has lower stress, better flexibility due to being mostly remote, and improved work-life balance.",1nc08x4
2qibb,Career Growth & Development,4.0,"At the end of the day, I just want to improve my skills to be the best I can be in my role and actually have something to reflect my professional experience, development, and time and I am putting in, while I work on obtaining a degree that best aligns with my current career path.",1n9qyue
2qibb,Workload & Operations,3.0,"We have a lot of staff with similar job descriptions but different areas of expertise, and we want to highlight that.",1n9ffaa
2qibb,Workload & Operations,4.0,The idea is to protect work-life balance and prevent burnout.,1n89wi3
2qibb,Compensation & Benefits,4.0,"Currently we have (among other leave benefits) STD that pays at 66.66%, and a 100% paid parental leave for 6 weeks.",1n8u2gx
2qibb,Compensation & Benefits,3.0,"But the pay isn’t enough for me to live on my own and I worry that continuing up the ladder of talent acquisition leads to more stress and less work-life balance. ... Besides making enough to live on my own in NY, I value work-life balance and jobs that’s aren’t stressful. ... It’s not that stressful and I have a great work-life balance.",1n7zvr6
2qibb,Hiring & Onboarding,2.0,"Background Checks (WebCheck): separate system, separate process, not streamlined with the rest of onboarding.",1n7swi1
2qibb,Workload & Operations,2.0,"I then received a job description some weeks after I had accepted the position that did outline more duties than originally discussed, although still significantly less than my current responsibilities.",1n6rtln
2qibb,Workload & Operations,1.0,"My work-life balance is nonexistent, and it's taking a serious toll on my family and my mental health.",1n5zbet
2qibb,Career Growth & Development,3.0,"Transition from military HR to Civilian HR [N/A]

I’m (M, 27) a Human Resources Specialist in the United States Army and I’ve been in for 8 years and I’m getting out of the military November of 2026.",1n4587m
2qibb,Hiring & Onboarding,3.0,"Feedback on Accurate background check vendor [OH]

When my company was in startup mode, I begin working with a background check vendor that performed the basic background checks we need.",1n2cabf
2qibb,Career Growth & Development,4.0,**TD;LR**  I’m deciding between two career paths in HR Tech: a more secure and abundant SAP SF integration role or a strategic HR transformation role that aligns better with my strengths and interests.,1n27ofa
2qibb,Workload & Operations,2.0,"While I was out on maternity leave, they completely changed the structure of my level to be a “flex HRBP” team… aka “junior” HRBPs.",1my4z5j
2qibb,Job Security & Stability,1.0,"[PA]

Update: 8/25 I was let go

I work in HR",1musle8
2qibb,Career Growth & Development,3.0,"HRBP Career Path [NY]

I’m a current HRBP at a tech company and have been on tech working in HR for the past 8 years and worked in consulting for 5 years before that.",1mt55ie
2qibb,Compensation & Benefits,5.0,We have rewritten the job description and increased pay to be higher than other companies in our area.,1mr9vt7
2qibb,Team & Colleagues,1.0,"No one has any real longevity in Human Resources and previously had very different roles - which isn't so uncommon, but the main issue is they are extremely cliquey and can you believe it, in my own HR team, I am experiencing work place bullying and retaliation.",1mqitgk
34zqz,Career Growth & Development,3.0,I am considering UX Research as a career path despite not having a doctorate or having a psych background.,1nconm2
34zqz,Hiring & Onboarding,3.0,"I am trying to emphasize my storytelling abilities, which they stress in the job description.",1kkhljn
34zqz,Job Security & Stability,1.0,"Just got laid off, exploring other career options

Hi, I have a PhD in a social science field and was recently laid off.",1oojlwb
34zqz,Job Security & Stability,1.0,I was laid off in July from a company where I earned a high income.,1o737qs
34zqz,Career Growth & Development,4.0,"and personally I love UXR, so would you really recommend UXR as a career path.",1me6zzr
34zqz,Job Security & Stability,1.0,Google cloud just laid off all uxrs bellow L6.,1nus9b6
34zqz,Job Security & Stability,1.0,"Job hunt is killing me

I got laid off 6 weeks ago and have been applying like crazy since.",1ntsfe2
34zqz,Career Growth & Development,3.0,Need help figuring out my career path,1nnan8a
34zqz,Hiring & Onboarding,3.0,"Need tips for giving a portfolio presentation

I got laid off from my job a month ago but I have a panel interview coming up on Tuesday.",1nlnxde
34zqz,Job Security & Stability,1.0,But every 2nd or 3rd post over here is about geting laid off.,1myhkgk
34zqz,Hiring & Onboarding,3.0,"Looking for feedback on my resume

I just got laid off from my job as a user researcher yesterday. ... I was already applying to new roles before I was let go",1mvx9y2
34zqz,Job Security & Stability,1.0,"Just got laid off

I worked at a mid-size company for 4 years on a small team with 3 researchers. ... Heard through the grapevine that the whole research team has been let go.",1muq8yv
34zqz,Job Security & Stability,1.0,I was laid off 3 months ago.,1mstchl
34zqz,Team & Colleagues,1.0,I MISS MY TEAM THAT THEY LAID OFF.,1mp9q27
34zqz,Job Security & Stability,1.0,"Layoff Hopelessness…

I just got laid off my UXR role.",1iwgezp
34zqz,Career Growth & Development,4.0,I’m a sociology major wanting to learn more about ux research to possibly follow this career path.,1ixwpt7
34zqz,Job Security & Stability,1.0,"Recently I saw a post on linkedin claiming that UX research teams have been getting laid off because a lot of UX researchers don’t have any scientific rigour to their process and can’t really prove their impact, and that all they do is basically vibes based research that a PM can do too.",1mo7ype
34zqz,Job Security & Stability,3.0,I got laid off back in February but I got a contractor role with in design ops.,1mbwjk1
34zqz,Workload & Operations,1.0,I am also getting burnt out at work and considering looking for a new job after my parental leave is over.,1m98ohr
34zqz,Career Growth & Development,4.0,"One career path that has grabbed my attention more than any other, is a focus in UX research.",1m8nbux
34zqz,Career Growth & Development,4.0,I that I really appreciated that but what about being promoted to senior (which is a higher pay rise and stock options) and he told me that he is now working on a workframe to show my progression  and ask to promote me because I totally deserve it and I will make it easily.,1m2uwdm
34zqz,Career Growth & Development,2.0,"Sometimes it feels like the only way to move forward would be to have a mentor or direct career path from a company you are working in full time, but with this job market being terrible I fear it’s only going to get more competitive to land a full time role with that kind of opportunity for growth.",1ly9i1l
34zqz,Job Security & Stability,1.0,"For the context, we have recently laid off teams and trying to structure the organisation.",1j1ppaa
34zqz,Job Security & Stability,1.0,"In my fourth year, I became a full-time employee, but unfortunately, I was laid off after seven months due to product deprioritization.",1lmg5q8
34zqz,Hiring & Onboarding,3.0,"From the job description, I understand that this role is about how research can influence product strategy and business decisions.",1lfggfy
34zqz,Job Security & Stability,1.0,"The writing is on the wall, and I’m almost positive I will be laid off in the coming months.",1l7jznf
34zqz,Workload & Operations,2.0,"I’m starting to question if having bigger scope and impact is worth all of the stress, when I value work-life balance.",1l75g6w
34zqz,Career Growth & Development,5.0,"I've just been offered a really great PhD position studying an HCI-related topic using mixed-leaning-quantitative methods that would seemingly set me up well for a UX career, which is a career path I've been really curious about.",1l3g3yr
34zqz,Career Growth & Development,2.0,"I've tried ADPList was was ghosted by a mentor I was very excited about (to be fair, they had been recently laid off and were actively job interviewing, but it still stung) and other than that, it seems like a majority of mentors on there are aiming to give advice to folks looking to break into the field, which is amazing and selfless - but not my situation.",1kz6ebo
34zqz,Career Growth & Development,1.0,There's so much fluff about how there's no openings for freshers and overall this is a bad career path to enter in 2025.,1kruqxt
34zqz,Job Security & Stability,3.0,"Questions for those who's done UXR Contract before

Hi- I was laid off about 3 months ago and ended getting a 1+ year contract role at a FAANG company.",1kqvbuk
34zqz,Career Growth & Development,2.0,"the free one that my college offers acts super slow and didn't really respect my issue, all they could do is introduce career paths in uni that they offered).",1p09u28
34zqz,Job Security & Stability,1.0,and I am probably getting let go soon due to RTO.,1kmotkm
34zqz,Career Growth & Development,3.0,I felt like this would be an easily viable career path for me if academia didn’t work out.,1kg8yfn
34zqz,Job Security & Stability,1.0,I suspect that my honesty about pursing this degree may have contributed to getting laid off in the first place (I already have 4 years of professional experience as a researcher).,1kffh8l
34zqz,Career Growth & Development,5.0,"Advice for undergraduates looking to go into UXR after graduation

A little bit of background

I took a few years off from school in the middle of my undergrad, during which time I worked started my own web design business while I worked on passion projects to explore potential career paths, which is how I came to the decision that I wanted to pursue a career in UXR

I’m finally returning to school this summer to finish my B.S. in Psychology, and I’m hoping to possibly enroll in an HCI masters program 

In the meantime though I was wondering if anybody had any suggestions for anything I can do (in addition to rebuilding my portfolio to focus more on research instead of design) that might help make my resume stand out a little more as I apply to internships ( I.e. any software certifications, or anything like that)",1k9ktzr
34zqz,Job Security & Stability,1.0,I'm seeing people say that UXR are becoming obsolete and many will have to find a new career path.,1k6y93r
34zqz,Career Growth & Development,4.0,"UX research coordinator/operations career path

I stumbled upon a career as a UX research coordinator last year.",1jei1z5
34zqz,Job Security & Stability,1.0,"I just got laid off from my design consultancy today. ... Laid off before paternal

Hey all! ... My wife and I unfortunately got laid off few months before her due date.",1jdivf9
34zqz,Compensation & Benefits,1.0,"I was recently laid off, effective later this month.",1j80d7z
34zqz,Hiring & Onboarding,2.0,"That was great and all, but now that I’ve been laid off and am back interviewing with other companies, I’d like to know what differentiates a Sr UXR interview from an entry level UXR interview. ... I’ve had two final round interviews since being laid off almost two months ago, and I’ve been told it was a close call",1nzyjud
34zqz,Job Security & Stability,1.0,"I did some interesting projects, but got laid off with the entire team in 2024. ... Laid off in 2019.",1p37ss6
34zqz,Hiring & Onboarding,2.0,"Tl;dr
​Laid off for 13 months, made it to 7 final rounds at top tech companies, but keep getting 2nd place. ... ​I was laid off 13 months ago and have been on the job hunt since.",1nu2v35
34zqz,Job Security & Stability,1.0,I got laid off from this position so I no longer have access to project information.,1nqzqcg
2tj75,Hiring & Onboarding,1.0,"This is putting a lot of strain financially since I have a start date pending on Sept 2, and I’m moving at the end of August with a place secured, and I haven’t even done fingerprints nor a background check.",1mu68gx
2tj75,Career Growth & Development,3.0,I don’t know how to decide my future career path.,1n9opry
2tj75,Workload & Operations,1.0,When I signed on for this job he claimed it was for better work-life balance,1o8rcrr
2tj75,Workload & Operations,1.0,"- Our clinic switched from 45 to 30 minute follow-up appointments while I was on maternity leave as a surprise to me when I returned to work.
- With shorter appointments, full-time would mean seeing 70",1mxsqhr
2tj75,Compensation & Benefits,1.0,"I can't take a sick leave, because I won't get paid.",1mswxb9
2tj75,Career Growth & Development,3.0,"I don't really have insight as to how valuable this is as far as my overall career path, but I believe it would help in the future if I try to steer towards not being just a staff therapist in the future.",1mss8v7
2tj75,Hiring & Onboarding,2.0,"TX licensing concern

Made a mistake of submitting my fingerprint/background check late with identoGo, where the status is still has been pending for 2 weeks. ... Though i dont know anyone thats gotten their license activated yet, i have a sick feeling that by the time licenses start rolling out, the background check will be holding me up.",1mo7xd6
2tj75,Work Culture & Environment,1.0,"The scope here feels almost nonexistent, the working environment sucks, and I really can’t picture myself being satisfied with the career path if I stay here.",1nmws5i
2tj75,Career Growth & Development,3.0,"Fresh Grad PT Looking for Career Path in the USA

I’m a fresh graduate physical therapist exploring possible career paths in the U.S.",1oqp6cn
2tj75,Career Growth & Development,3.0,"differences between owning private clinic and working in hospital

hey guys, 

thinking about my career path as a DPT.",1oprfte
2tj75,Compensation & Benefits,1.0,"They messed up my leave, and my insurance and other benefits were cancelled while on ""maternity leave."" ... Background: I'm currently on maternity leave through a hospital system.",1oz4ekl
2tj75,Career Growth & Development,5.0,"I absolutely love where I'm at, but I also want to challenge myself to further grow into the management/admin side of things as it's a career path that I've wanted to pursue for several years now.",1nj3naz
2tj75,Work Culture & Environment,4.0,"I love the idea of controlling my own hours and having more freedom and a better work-life balance, but I’d love to have some insight on these options.",1o0hqnb
2tj75,Compensation & Benefits,5.0,6 weeks 100% paid maternity leave.,1ojm24r
2tj75,Career Growth & Development,4.0,"It combines expertise across all body systems relevant to aging, making it an important and growing career path given the increasing aging population”.",1o7pyrq
2tj75,Job Security & Stability,1.0,"Well, I was just laid off

I worked in a SNF for the past 5 years, great pay",1nc4ifp
2tj75,Career Growth & Development,4.0,"Other career opportunities as a DPT

Hi everyone,
I’m currently a PT student in my clinical year and starting to think about career paths beyond graduation.",1nm9lk2
2u7lz,Hiring & Onboarding,4.0,The job description includes the work I know I like.,1ok2v51
2u7lz,Workload & Operations,1.0,"I feel so burnt out, tired, like I have no true work-life balance, unmovitated, overworked, and yet somehow, I’m still struggling to hit my billable.",1ntqec9
2u7lz,Compensation & Benefits,4.0,I don’t have any law school debt and am fine not receiving bonuses in exchange for not having to work too hard and maintaining a healthy work-life balance.,1norik1
2u7lz,Job Security & Stability,1.0,"But on the chance I miss the mark, I will be let go from my current job. ... They are gracious enough to let me stay on while I take F26 as well (if I don’t get a 266+ again, I’ll be let go).",1nzjoy3
2u7lz,Workload & Operations,2.0,"I was still up in the air about even accepting the job, as billable was 1900 and it would be a huge change to my current work-life balance, so I wasn’t that invested.",1nuksqj
2u7lz,Compensation & Benefits,3.0,Looking for some advice regarding paternity leave. ... We have started talking paternity leave time and I have no idea what would be reasonable to seek or ask for.,1nbuk2k
2u7lz,Career Growth & Development,4.0,"I'm looking for a better career path where I can focus on compliance, regulatory work, and contract drafting.",1owm0s4
2u7lz,Compensation & Benefits,5.0,"However, one of our major competitors has offered me essentially my current job but bumping me to $200k plus bonuses targeting 20% and stock options (my current company doesn’t have stock options).",1nw96b8
2u7lz,Job Security & Stability,1.0,"I have been laid off. ... Laid off and dejected

I made a similar post earlier.",1nvd867
2u7lz,Career Growth & Development,3.0,I externed in law school would like to follow a similar career path.,1oaflwd
2u7lz,Job Security & Stability,1.0,I was recently laid off from a position I was doing a lot of research.,1nwggm2
2u7lz,Career Growth & Development,5.0,I’m a first time mom & got promoted soon after maternity leave to a role where I manage a team of attorneys and advise our Board and C suite.,1nujtg9
2u7lz,Job Security & Stability,1.0,"One was let go while I was there, after about 1 1/2 years, me about 2, this one less than a year. ... Almost a year ago I was let go from my firm after about 2 years.",1nkhagl
2u7lz,Job Security & Stability,1.0,"In house- laid off

I have spent the overwhelming majority of my career in house primarily focusing on employment and litigation but have also been a generalist at smaller companies.",1ot2q1u
2u7lz,Work Culture & Environment,5.0,"It's a great firm, everyone cares about each other as humans and they are big advocates for work-life balance.",1otm7xb
2u7lz,Job Security & Stability,1.0,I got laid off in June.,1os8vog
2u7lz,Job Security & Stability,1.0,"Unfortunately, **I was let go right after passing the bar.",1oryq6w
2u7lz,Job Security & Stability,1.0,"Hey everyone,

I just need to vent a little and maybe get a reality check since I just got laid off.",1oqm2xo
2u7lz,Career Growth & Development,3.0,"TL;DR: how do I start to put the word out in my professional circle that I'm interested in a new position, either to get recs for openings, an introduction, or open the conversation about career paths.",1op3h0b
2u7lz,Compensation & Benefits,1.0,"I don’t get true days off, and we are building a family so realizing I won’t get maternity leave really makes my current career distasteful.",1onwoni
2u7lz,Job Security & Stability,2.0,"Ok, first: I’m currently unemployed after being laid off and I’m very aware that beggars can’t be choosers, especially in this market.",1ol01zc
2u7lz,Compensation & Benefits,3.0,"At some point, my friend's supervisor had plans for a baby and eventually went on maternity leave.",1of1bij
2u7lz,Job Security & Stability,2.0,Lucked into a job as a mudlogger for a couple years until getting laid off.,1oega3r
2u7lz,Job Security & Stability,1.0,The attorney I worked for all through law school (and that I still work for) presented me with an agreement to start as a 1099 independent contractor come January 1 after I come back from maternity leave and the holidays.,1ocmsuu
2u7lz,Compensation & Benefits,3.0,"However, the numbers seem to be all over the place with what people tell me I could earn and IP seems to be a more stable career path, especially with my background.",1oaald4
2u7lz,Job Security & Stability,1.0,Worked in big law for two years and got laid off with a few other associates.,1o8m9lz
2u7lz,Management & Leadership,5.0,They were the ones that made me an offer when I failed the bar exam and was let go by a bigger firm,1o6scad
2u7lz,Job Security & Stability,1.0,So I recently got laid off from a trade association I worked at as a counsel.,1o501w6
2u7lz,Career Growth & Development,4.0,I'm just looking for any general advice that current or former ADAs might have for someone who's about to start down this career path.,1o2o8kc
2u7lz,Hiring & Onboarding,3.0,So many job descriptions I see require bar admission for the jurisdiction I am in.,1o2ilwq
2u7lz,Work Culture & Environment,3.0,I want a good work-life balance but I'm not afraid of long hours.,1nujmv3
2u7lz,Work Culture & Environment,4.0,I think it’s important to start by adding that I’m overall very happy with my work-life balance at the moment and things seem very stable.,1p1bf1h
2u7lz,Job Security & Stability,1.0,and so I was one of the legal staff on the project that was let go.,1p3aq2l
2u7lz,Job Security & Stability,1.0,"For some context, I was laid off from my previous firm about a year ago.",1p1bash
2u7lz,Compensation & Benefits,3.0,The pay range in the job description is 100k-120k.,1ozykjo
2u7lz,Workload & Operations,3.0,"The work-life balance is awesome and equity partners can make decent money (300-500k) but the work is not ""substantive law"" and is boring/repetitive.",1oyt5tw
2xc7p,Management & Leadership,1.0,"I've been apart of patents regarding search and nlp by helping design the data structure and features like data mining association and other stuff to give to more experience NLP scientists and architects but the core people got laid off before we could see use because new people didn't want to use them(major red flag, they got laid off then outsourced people came in).",1nxipc8
2xc7p,Career Growth & Development,4.0,"Then I started to see Data Engineering as a great career path, since I think it combines my previous software engineering skills with data, and I’m also quite interested in architecture.",1mda3dc
2xc7p,Compensation & Benefits,4.0,"* Equity: 5,000 stock options vesting 25 percent after one year, then monthly over three years
* Visa Sponsorship: Cap-subject H-1B sponsorship (lottery required)
* Risk: The company is post-seed and already generating revenue (a good sign), but it still relies on hitting growth targets and closing the next funding round to sustain operations

**Option B: Data Scientist at a university research center**

*",1kvl2zs
2xc7p,Hiring & Onboarding,2.0,"I've optimized my resume with relevant keywords , tailored my application to job description but nothing seems to work .",1jme0kn
2xc7p,Career Growth & Development,3.0,I've read various places that there are self-assessment tools/tests out there to evaluate if data science could be a potential education/career path.,1jdpmnp
2xc7p,Career Growth & Development,3.0,"Data Science Career Path

Hi all,

Currently finishing my MSc in computer science (With a bachelors in Accounting and Finance)",1n41qgf
2xc7p,Hiring & Onboarding,2.0,"PF/Background check worries""

Hi, I am from India and have a huge dilemma.",1ofwoim
2xc7p,Career Growth & Development,4.0,"Over the past year, I’ve gone through a lot of changes in my career path and recently completed a course in Business and Marketing Analytics to build strong skills in analytics and decision-making.",1mw2icz
2xc7p,Hiring & Onboarding,1.0,"Struggling with Interviews

I got laid off about 4 months ago and I’ve had 4-5 interviews that go no where at different stages and I feel like I suck at the interviews.",1msx98k
2xc7p,Hiring & Onboarding,4.0,Make sure to update your CV in line with the job description before applying.,1mr589t
2xc7p,Career Growth & Development,4.0,"Career Paths : 
Analysts often grow into senior analyst or BI roles, or add technical depth to move into data science.",1moy3h5
2xc7p,Career Growth & Development,3.0,Shifting career path towards Data Science/ML Engineering.,1mdh3qg
2xc7p,Job Security & Stability,1.0,"I worked as a data consultant for 2 years before getting laid off a year ago, and have not been able to get a related role since.",1m63qow
2xc7p,Job Security & Stability,1.0,"I am looking for jobs since I got laid off in February 2025, please help.",1l50gum
2xc7p,Hiring & Onboarding,2.0,"They have posed me with Criminal check but haven't given any checks for background check to verify employment and education. ... Employment Verification Background check

Hi ... I am worried that if they send any employment or education background checks later and that can hurt me.",1l1w9xw
2xc7p,Work Culture & Environment,4.0,"While I’m not afraid to stay late on critical projects or hot topics I’m also wanting to have a decent work-life balance and pursue my hobbies (which include D&D, MTG, and other nerdy hobbies if that indicates my interests further and fit) as well as spend time with family.",1kgxqw6
2xc7p,Career Growth & Development,3.0,"I got laid off three weeks ago. ... Figuring Out Career Path

I have known I wanted to be a Data Scientist since early elementary school, obviously the industry has changed a lot in the last 20 years, but deep statistical thinking has always been my forte.",1jpvn2i
2xc7p,Career Growth & Development,4.0,"Hi everyone, I’m a recent BTech graduate trying to decide whether I should go into Data Science/AI/ML as my main career path.",1ozbw6h
2xc7p,Career Growth & Development,3.0,I analyzed 100 Data Scientist job descriptions.,1on8ekp
2xc7p,Career Growth & Development,4.0,"Hi everyone,

I’ve been getting more and more interested in the Data Scientist career path, and I’m seriously considering moving in that direction.",1o5q131
2xc7p,Work Culture & Environment,3.0,"School and work-life balance advise

Hi everyone,

Thanks in advance for the advise.",1nz4l3h
2xc7p,Job Security & Stability,1.0,"(Laid off data scientist, 8 months searching)

I used to work as a data scientist for the US government, but when the new administration came in earlier this year, I was one of the federal workers laid off.",1na34rt
2ra72,Hiring & Onboarding,1.0,"Recently, I accepted a job offer, but once my background check came back, they rescinded it because of my felony.",1on028k
2ra72,Job Security & Stability,1.0,I'm just afraid that if I leave before my 1yr and during my maternity leave that it would look bad and I would have a tough time getting a job in the future. ... and I just had my baby in September and am currently on maternity leave.,1om3vkz
2ra72,Job Security & Stability,1.0,"philly that just had like 2000 employees laid off and a bunch of units shut down, iykyk.",1ocq5ly
2ra72,Management & Leadership,1.0,"She's all over the place, upper management corrects her and she takes it so to heart and retaliates with malicious compliance to the point it puts resident at risk.",1o9eadi
2ra72,Compensation & Benefits,3.0,I took my maternity leave and quit to have a few extra months off to be with my baby.,1oilu4k
2ra72,Compensation & Benefits,5.0,Parental leave for 52 weeks.,1oi9cg5
2ra72,Work Culture & Environment,4.0,You have sick leave for a reason.,1o8spr0
2ra72,Job Security & Stability,1.0,"The hospital just laid off several people and decided not to fill other positions because they’re anticipating financial trouble, so I think it was just easy to fire me. ... Laid off new grad

I graduated in May and worked at a small hospital ER for just over three months, and they fired me yesterday because they said my nursing skills weren’t strong enough for me to be the only RN there if someone called out.",1of8l35
2ra72,Career Growth & Development,2.0,"I always hear there are so many career pathways for a nurse, but I’m having a hard time finding them.",1oguom0
2ra72,Hiring & Onboarding,3.0,"Ive already done the OHS health assessment, fingerprinting, background check, etc.",1odg2pk
2ra72,Hiring & Onboarding,3.0,"Previous Employment Background Checks

Hello! ... However, I realize that if I do manage to get hired, there will be a background check.",1odl8rf
2ra72,Workload & Operations,4.0,"I was told ED offers a better career progression where you can do resus, triage, more clinical exposure compared to PACU, but PACU’s work-life balance offering is also very captivating!",1obcmsk
2ra72,Work Culture & Environment,1.0,Scored my first nursing job out of school in the OR of a VERY big tertiary hospital and was let go in the middle of orientation because I “didn’t fit into their culture.”,1o9x9fr
2ra72,Hiring & Onboarding,1.0,"I just started a new job, but I feel like I was misled about the job description.",1ofxmjo
2ra72,Compensation & Benefits,3.0,I am currently on maternity leave with my first,1of7dsw
2ra72,Career Growth & Development,3.0,"Non-supervisor nursing related careers/jobs

Hello, I’m currently seeking advice/recommendations on my nursing career path that doesn’t require me to be a supervisor.",1ouqgnz
2ra72,Career Growth & Development,3.0,I actually used to be a CNA at a nursing home which honestly led me to change my major/career paths.,1oum771
2ra72,Management & Leadership,1.0,Unrealistic expectations from upper management.,1ou3fsa
2ra72,Compensation & Benefits,3.0,"I’m currently pregnant and I wanna have some Idea how much I have to be prepared to pay after insurance, do we get paid while maternity leave from STD that includes in your insurance",1ote0dx
2ra72,Compensation & Benefits,4.0,"Or if anyone has suggestions for other nursing roles that stay connected to pediatrics but might offer better pay or work-life balance, I’d love to hear them. ... Also, I’ve been thinking ahead about my career path.",1otvo8n
2ra72,Job Security & Stability,1.0,I’m scared that I could get laid off in an x amount of months or years and that I would lose my knowledge and skills.,1oaaguo
2ra72,Hiring & Onboarding,3.0,I was sent an email for background check and immunization screening but am a bit hesitant just due to the fact that I’ve never heard of them before.,1opg5w2
2ra72,Career Growth & Development,3.0,"I’m not quite sure of my career path yet, but I do want to be proactive and I’m considering nursing for financial stability, job flexibility and the benefit of always learning/helping people.",1otipe5
2ra72,Career Growth & Development,2.0,"I’m trying to save PTO for maternity leave but I’m scared of putting myself at risk while pregnant. ... and I didn’t apply for short term disability last year during open enrollment, so I’ll have to use my PTO during maternity leave. ... My job doesn’t offer paid maternity leave",1o9b4dv
2ra72,Compensation & Benefits,3.0,"I'm thinking of going back to hospital nursing for basically two reasons: a) better work-life balance (in home health, I work about 50 hours a week, including commuting and charting; b) get a 401k match (I could get that if I went back to home health as a staff nurse, but I would still work a lot of hours.)",1ossz1f
2ra72,Career Growth & Development,5.0,so I’d love to hear all the different specialties and career paths.,1osshgn
2ra72,Management & Leadership,1.0,RN feeling “targeted” by upper management.,1olw0vf
2ra72,Management & Leadership,1.0,"Yesterday my manager called me into her office after my night shift to let me know that virtually all of my preceptors have serious concerns about my performance and that if I'm not ready to come off orientation in two weeks, I'll be let go.",1ok1pb8
2ra72,Career Growth & Development,3.0,"After 7 years, I’m craving better work-life balance and room to grow, but I’m not sure what direction makes the most sense.",1orjp8m
2ra72,Job Security & Stability,1.0,I’m a little nervous i’m going to lose all my skills and be laid off! ... My current director and assistant director were telling me another coworker did the WFH gig for 6ish months and was laid off without warning.,1ok1009
2ra72,Workload & Operations,1.0,"Going into LWOP, got formally written up

I've been going into LWOP every quarter ever since coming back from maternity leave. ... I've had too many LWOP hours because of this, also had to use ALL PTO for maternity leave, and have been issued a formal action plan at work.",1ok879x
2ra72,Job Security & Stability,1.0,Matter fact I also heard nurses are getting laid off as well.,1oirspl
2ra72,Career Growth & Development,2.0,New therapist here..I just graduated and I’m rethinking my career path.,1oiw0sp
2ra72,Management & Leadership,1.0,"I tried reaching to upper management multiple times, but no action seems to be getting done.",1oq3xdz
2ra72,Job Security & Stability,1.0,"Let go lmaooooo

I got let go from my job of being a private pediatric nurse that takes care of trach and vented patients because I was sick for a week.",1ont3mo
2ra72,Career Growth & Development,3.0,"Hi everyone, I’m looking for some advice regarding career paths in nursing or related roles in Canada.",1oqid6j
2ra72,Job Security & Stability,1.0,It feels strange that they would do this after they have recently laid off many employees and the ethics of such a thing are murky at best.,1oq2ly6
2ra72,Hiring & Onboarding,3.0,I know nursing has very strict background checks.,1on5z7v
2ra72,Career Growth & Development,4.0,Any advice from seasoned nurses about this career path would be greatly appreciated!,1omun89
2ra72,Work Culture & Environment,1.0,After this someone from upper management was on the phone with the quality nurse on my unit and told her that Daisy awards do not belong to lpns and only rns should receive them.,1om2nq2
2ra72,Hiring & Onboarding,2.0,"I am concerned that this will be an issue when the background check is done. ... Employment Background check

Hello, I accepted an offer today for the neuro icu at a hospital.",1ol8skx
2ra72,Work Culture & Environment,2.0,"I keep telling myself it’s worth it for the experience, but it’s starting to feel like I’m trading my sanity and work-life balance for mileage on my car.",1okzmpl
2ra72,Management & Leadership,1.0,"But when upper management left, they were nasty and so disrespectful again to the nurse.",1p2boej
2ra72,Career Growth & Development,5.0,"Recently I discovered that nursing fits me much better; job stability, human connection, and clear career paths are really appealing. ... Help me to choose nursing career path so best save money and time!",1p2dmab
2ra72,Job Security & Stability,2.0,At the same time I was not as surprised when I was let go.,1p1ju7o
2xct1,Career Growth & Development,3.0,"For more context, Im a former HVAC Technician thats looking for a new career path that doesnt break my back.",1oimoyl
2xct1,Career Growth & Development,2.0,"My career path has been anything but linear, and I feel stuck at the moment.",1l8m2ww
2xct1,Career Growth & Development,5.0,"Any advice on potential career paths, skills to focus on, or projects that would help me carve out a niche would be immensely appreciated!",1m79we4
2xct1,Job Security & Stability,1.0,"Hey guys, I'd really appreciate it if you could take a moment to check out my resume  
  
I was recently laid off",1k9fodd
2xct1,Career Growth & Development,4.0,"I’d love to hear your thoughts, feedback, and suggestions on this career path.",1k1jjh4
2xct1,Workload & Operations,3.0,"However, when I look at actual job descriptions for data analysts, part of the responsibilities typically include analyzing the data and explaining their analyzations and visualizations during presentations.",1jrecvv
2xct1,Hiring & Onboarding,3.0,"The job description focuses on Power BI, Excel (primary skills) and SQL, Python (secondary skills for EDA & ETL pipelines).",1i8uvth
2xct1,Career Growth & Development,3.0,"Currently, I look forward to change my career path towards Data or Business Analytics.",1ggiszx
2xct1,Career Growth & Development,3.0,"Data Analysis Career Path Help

I graduated from college about a year ago and have not fully been sure what I wanted to do since.",1dbanvu
2xct1,Hiring & Onboarding,2.0,"Struggling with job application (no interviews) with over 2 years Python and SQL experience

Hi all  
I am based in London and I have 2 years of experience in Python and SQL (unfortunataly I got laid off).",1bnmzen
2xct1,Workload & Operations,1.0,I have 2.5 years experience as a data engineer in the insurance industry (first job out of grad school and did not get the hands on experience I wanted as we were constantly arguing with security for access to things needed to do our job) and was laid off last year.,1knhl9d
2xct1,Career Growth & Development,3.0,"Questions about portfolio

So my long story short: I was a QA for 5 years and upskilled in automation but got laid off a few weeks ago I've always wanted to get into data analytics but never found enough time to apply the skills.",1bbiy20
2xct1,Hiring & Onboarding,3.0,The job descriptions I find when applying for positions are equally variegated.,1j1jyg0
2xct1,Career Growth & Development,3.0,Changing career paths,1e33ex3
2xct1,Job Security & Stability,1.0,"Was told by my manager that I will be let go soon from my first position out of school due to ""not being a good fit"" so I am going back into the job market again.",1j6zwxf
2xct1,Career Growth & Development,4.0,"That's why a couple years ago I started to dip my toe into data analysis, and in the last 10 months or so, I've really dived deep, head-first into the hard skills this career path needs.",1l2ibu6
2xct1,Career Growth & Development,2.0,"Two months ago, part of our UX team was laid off for economic reasons, and since then I’ve been trying to pivot toward intern/junior roles in data analytics.",1p34wam
2xct1,Career Growth & Development,3.0,"Unsure whether analytics is a right career path for me

Some prior background about myself:

My first job was in the semiconductor industry for the last couple of years and I was doing something totally unrelated to data analytics.",1moa9sy
2xct1,Hiring & Onboarding,3.0,Some of the companies don't even mention Python in the job description but some of them do. ... I have been reading the job descriptions of data analyst roles on Linkedin and Jobs pages of companies.,1ljlcet
2xct1,Compensation & Benefits,2.0,"However, lately I’ve felt —and also noticed— that for the amount of work and the level of expertise required, this career path is very underpaid in my country (Colombia).",1lj1liw
2qhxd,Career Growth & Development,3.0,"I do want to pursue a police career, but Cybersecurity might have better alternate career paths altogether.",1lr72wr
2qhxd,Hiring & Onboarding,1.0,"My first termination was in 2017 at a hospital where I worked as a clerk—I was new to full-time work, unfamiliar with benefits, and took a photo of a benefits screen on a work PC to send to my mom for help; they didn’t give me a reason for termination, but a friend speculated that was why I was let go.",1ne3mhn
2qhxd,Hiring & Onboarding,4.0,Got a stack of paper to work through for my background check (nothing there to find tbh) so I’m excited to get started!,1neq0dd
2qhxd,Hiring & Onboarding,3.0,I’m currently about to go through the background check.,1nel4gm
2qhxd,Hiring & Onboarding,3.0,"After my background check is completed, I'll be rolling right into my Department Oral Board.",1mvos1z
2qhxd,Job Security & Stability,1.0,Due to being laid off from my last job due to terrible market.,1ojrlk7
2qhxd,Career Growth & Development,4.0,"On the one hand, as an officer, I'll be able to earn more money and have a better career path and Normally if someone has the opportunity, is expected to apply as an officer .",1miks8i
2qhxd,Career Growth & Development,3.0,I have always wanted to go into law enforcement as a career path,1lyiofv
2qhxd,Hiring & Onboarding,3.0,"I was wondering when this might take place during an extensive background check. ... He has had the interview, asked if he was interested in moving forward, and has recieved, filled out, and submitted the background packet, which stated it was a police background check. ... TX State Fire Marshal Background Check

I have a friend who has applied for a Deputy State Fire Marshal position in Texas.",1lsaymf
2qhxd,Workload & Operations,1.0,"Let Go From Department

I was let go from field training in my 1st agency due to reports/directions and my 2nd agency just let me go during my probation period (about 2 months in after passing field training) for essentially not enough traffic stops during night shift.",1oraiph
