subreddit_id,category,score
2qhxd,Career Growth & Development,3.333
2qhxd,Hiring & Onboarding,2.8
2qhxd,Job Security & Stability,1.0
2qhxd,Workload & Operations,1.0
2qibb,Work Culture & Environment,3.667
2qibb,Career Growth & Development,3.357
2qibb,Compensation & Benefits,3.0
2qibb,Workload & Operations,2.778
2qibb,Hiring & Onboarding,2.75
2qibb,Management & Leadership,1.667
2qibb,Job Security & Stability,1.588
2qibb,Team & Colleagues,1.0
2qqcs,Work Culture & Environment,3.8
2qqcs,Career Growth & Development,2.545
2qqcs,Compensation & Benefits,2.455
2qqcs,Hiring & Onboarding,2.0
2qqcs,Workload & Operations,1.75
2qqcs,Job Security & Stability,1.429
2qqcs,Management & Leadership,1.0
2ra72,Compensation & Benefits,3.5
2ra72,Career Growth & Development,3.182
2ra72,Workload & Operations,2.5
2ra72,Hiring & Onboarding,2.286
2ra72,Work Culture & Environment,2.0
2ra72,Job Security & Stability,1.111
2ra72,Management & Leadership,1.0
2tj75,Career Growth & Development,3.571
2tj75,Work Culture & Environment,2.5
2tj75,Compensation & Benefits,2.333
2tj75,Hiring & Onboarding,1.5
2tj75,Job Security & Stability,1.0
2tj75,Workload & Operations,1.0
2u7lz,Management & Leadership,5.0
2u7lz,Work Culture & Environment,4.0
2u7lz,Career Growth & Development,3.8
2u7lz,Hiring & Onboarding,3.5
2u7lz,Compensation & Benefits,3.143
2u7lz,Workload & Operations,2.0
2u7lz,Job Security & Stability,1.133
2xc7p,Compensation & Benefits,4.0
2xc7p,Career Growth & Development,3.5
2xc7p,Work Culture & Environment,3.5
2xc7p,Hiring & Onboarding,2.2
2xc7p,Job Security & Stability,1.0
2xc7p,Management & Leadership,1.0
2xct1,Career Growth & Development,3.182
2xct1,Hiring & Onboarding,2.75
2xct1,Compensation & Benefits,2.0
2xct1,Workload & Operations,2.0
2xct1,Job Security & Stability,1.0
34zqz,Career Growth & Development,3.286
34zqz,Hiring & Onboarding,2.667
34zqz,Workload & Operations,1.5
34zqz,Job Security & Stability,1.2
34zqz,Compensation & Benefits,1.0
34zqz,Team & Colleagues,1.0
