timestamp,subreddit_name,posts_pulled,filtered_count,sentiment_count,non_job_count
2025-11-05T06:08:20.023466+00:00,police,999,35,823,109
2025-11-05T06:37:39.678496+00:00,humanresources,999,62,874,54
2025-11-05T07:07:24.015481+00:00,Teachers,1000,8,856,120
2025-11-05T07:35:46.477420+00:00,nursing,1000,19,934,43
2025-11-05T08:01:00.273186+00:00,physicaltherapy,1000,16,904,70
2025-11-05T08:28:11.539334+00:00,Lawyertalk,1000,44,893,53
2025-11-05T08:49:15.984596+00:00,DataScienceJobs,999,416,558,10
2025-11-05T09:13:45.749731+00:00,dataanalytics,1000,31,886,28
2025-11-05T09:43:22.876091+00:00,UXResearch,1000,71,853,61
2025-11-05T09:43:22.878333+00:00,TOTAL,8997,702,7581,548
2025-11-12T07:47:52.282187+00:00,police,1000,36,819,112
2025-11-12T08:07:04.293257+00:00,humanresources,996,69,868,52
2025-11-12T08:26:50.363302+00:00,Teachers,1000,15,872,107
2025-11-12T08:46:02.398261+00:00,nursing,999,22,934,38
2025-11-12T09:02:52.159494+00:00,physicaltherapy,1000,13,910,66
2025-11-12T09:20:59.458861+00:00,Lawyertalk,1000,41,894,54
2025-11-12T09:35:33.081270+00:00,DataScienceJobs,999,401,573,10
2025-11-12T09:52:01.714722+00:00,dataanalytics,996,31,887,27
2025-11-12T10:10:59.840021+00:00,UXResearch,1000,71,853,61
2025-11-12T10:10:59.841413+00:00,TOTAL,8990,699,7610,527
2025-11-22T07:21:42.105187+00:00,police,250,11,207,27
2025-11-22T07:33:31.134446+00:00,humanresources,250,20,212,15
2025-11-22T07:37:52.856330+00:00,Teachers,250,1,213,34
2025-11-22T07:42:32.154194+00:00,nursing,250,5,226,17
2025-11-22T07:46:02.544704+00:00,physicaltherapy,250,3,231,14
2025-11-22T07:49:53.755854+00:00,Lawyertalk,250,10,223,14
2025-11-22T07:54:42.510071+00:00,DataScienceJobs,250,57,186,3
2025-11-22T07:59:17.167572+00:00,dataanalytics,250,8,236,4
2025-11-22T08:04:03.273379+00:00,UXResearch,250,16,220,12
2025-11-22T08:04:03.274838+00:00,TOTAL,2250,131,1954,140
2025-12-01T01:57:27.323652+00:00,police,999,36,812,114
2025-12-01T02:32:42.101586+00:00,humanresources,1000,71,865,57
2025-12-01T02:54:13.684335+00:00,Teachers,998,11,854,128
2025-12-01T03:13:53.980452+00:00,nursing,999,24,922,47
2025-12-01T03:31:57.727459+00:00,physicaltherapy,1000,12,903,73
2025-12-01T20:03:11.996424+00:00,DataScienceJobs,999,372,594,11
2025-12-01T20:43:51.457075+00:00,dataanalytics,1000,31,892,26
2025-12-01T21:27:46.850565+00:00,UXResearch,999,70,853,59
2025-12-01T21:27:46.855176+00:00,TOTAL,7994,627,6695,515
